sta,sta_lat,sta_lon,k0_mean,k0_stderr,ks_mean,ks_stderr,n_records,vs30,Z1.0,TRI,slope
ADCS,-43.9024444,171.747563,0.04604,0.02018,0.00076,0.0002,60,431,1135,2.6947,0
AKSS,-43.81091,172.96349,0.02004,0.00502,0.00023,5.00E-05,158,435,10,25.9728,0.095
AMBC,-43.15467772,172.7308795,0.04543,0.01046,0.00067,0.00014,138,240,845,1.1693,0
APPS,-42.94894944,171.5677355,0.05443,0.01003,0.00031,0.0001,143,300,30,17.5935,0.1372
APZ,-46.83180552,167.9888255,0.0233,0.04365,7.00E-05,0.00026,9,1500,5,32.913,0.1163
ARKS,-41.24207703,174.9440964,0.06773,0.00968,0.00067,0.0001,230,267,20,24.6228,0.0629
ARPS,-42.52395847,171.4078656,-0.01405,0.01449,0.00091,0.00013,17,307,98,3.7336,0.0144
ASHS,-43.27441041,172.5959472,0.02562,0.00509,0.00097,8.00E-05,269,287,1085,5.527,0
AWRB,-41.658785,174.076946,0.07983,0.02166,0.00032,0.00032,39,215,50,1.504,0
BDCS,-46.24906366,169.7193727,-0.0218,0.02467,0.00048,0.00012,10,549,35,18.0113,0.0528
BFZ,-40.67964728,176.2462451,0.04555,0.0126,0.00024,0.0001,50,800,0,59.9484,0.1918
BKZ,-39.16566564,176.4925437,0.08901,0.02135,-8.00E-05,0.0002,25,730,0,73.3171,0.2713
BMTS,-41.191372,174.92603,0.04499,0.0094,0.0006,0.0001,230,1000,15,46.4032,0.0868
BOWS,-41.279193,174.776323,0.09159,0.01217,0.00043,0.00013,140,267,65,7.6556,0.0331
BSWZ,-41.71491545,173.8757409,0.06423,0.0086,0.00046,0.0001,94,675,35,75.8956,0.2078
BTWS,-41.38923599,173.1285128,0.12967,0.02079,0.00021,0.00019,159,500,40,3.8985,0
BWHS,-43.480415,172.6821837,0.063,0.0251,0.00091,0.00035,15,203,715,0.3232,0
BWRS,-41.43954404,173.9051179,0.08606,0.00403,4.00E-05,5.00E-05,330,679,5,51.0616,0.1527
CACS,-43.48317559,172.5300153,0.03612,0.0028,0.00097,5.00E-05,246,435,595,1.3603,0
CBGS,-43.52934701,172.6198762,0.05007,0.00253,0.00091,5.00E-05,231,197,545,0.1709,0
CCCC,-43.538085,172.647427,0.07156,0.00542,0.00072,8.00E-05,126,182,495,3.4983,0
CECS,-42.81349055,173.2748682,0.08731,0.00781,0.00032,9.00E-05,236,244,233,5.9593,0.0174
CHHC,-43.535929,172.627523,0.06404,0.00927,0.00089,0.00066,73,196,515,4.5576,0
CMHS,-43.56561796,172.6241761,0.04346,0.00256,0.00076,4.00E-05,270,213,125,1.1745,0
CMWZ,-41.74901708,174.213825,0.13399,0.012,0.0003,0.00021,32,800,95,28.2321,0.165
CPFS,-40.89876213,176.2209639,0.11823,0.02342,0.00031,0.00021,24,245,10,20.6343,0.0625
CPLB,-41.278806,174.78209,0.166,0.00683,0.00025,9.00E-05,172,244,247,10.7,0.0179
CRLZ,-43.574741,172.6232219,0.01785,0.00242,0.00055,0.0001,138,900,0,38.8531,0.1316
CRSZ,-42.14457,173.8154,0.08879,0.0084,0.00022,0.00011,113,1000,15,76.6903,0.4827
CSHS,-43.22652687,171.7235561,0.05137,0.0075,0.00057,8.00E-05,160,377,58,12.8949,0.0354
CSTC,-43.31229082,172.3813342,-0.00027,0.00432,0.001,7.00E-05,147,399,575,2.241,0.000003452
CUBS,-41.295463,174.774381,0.0625,0.02292,0.00085,0.00035,51,278,47,9.4711,0.0192
CULC,-42.759438,172.8026023,0.03621,0.00671,0.00085,9.00E-05,166,407,70,2.4789,0.0181
CVZ,-44.38318,171.00616,0.08147,0.03014,0.00011,0.00021,35,1500,0,32.4757,0.1984
D13C,-43.606541,172.644913,0.07799,0.02518,-0.00011,0.00139,11,1000,15,59.3569,0.335
D14C,-43.632534,172.624664,-0.04957,0.05507,0.00473,0.00362,10,726,0,72.2376,0.3312
DALS,-43.51198,172.67323,0.05088,0.00711,0.00106,0.00012,85,188,625,0.2732,0
DAVS,-41.20578668,174.9543598,0.07732,0.01107,0.00035,0.00011,163,300,35,11.9358,0.0203
DCDS,-45.87433511,170.5021555,0.15387,0.0313,-9.00E-05,0.00018,8,600,27,17.9003,0.0567
DCZ,-45.46471319,167.1535335,0.00727,0.01345,0.00049,0.00012,33,1500,0,53.9006,0.3335
DFHS,-43.48967462,172.1021597,0.02798,0.00467,0.00111,7.00E-05,175,515,797,1.9686,0
DGNS,-45.8625648,170.5139057,-0.00247,0.03685,0.00067,0.00022,8,600,38,2.1706,0.000958784
DHSS,-43.63026,172.72725,0.03764,0.00726,0.00028,7.00E-05,145,535,32,19.9473,0.0861
DKHS,-45.90222588,170.4929352,0.08264,0.0413,0.00037,0.00025,8,203,58,2.2425,0
DORC,-43.89676518,172.0938275,0.05654,0.02198,0.00048,0.00018,44,220,1035,1.9394,0
DSLC,-43.66749947,172.19792,0.0409,0.00514,0.00043,6.00E-05,220,500,455,2.5198,0
DSZ,-41.74496082,171.8046144,0.0086,0.01468,0.00053,0.0001,111,800,40,12.5798,0.0524
DUNS,-45.9051559,170.4706449,0.07529,0.05007,0.00023,0.00028,9,500,9,28.072,0.0777
DUWZ,-40.80171461,173.9216454,0.05156,0.01307,0.00025,0.00011,233,622,45,39.2647,0.1252
DVHS,-40.20169649,176.1013651,0.09829,0.01063,0.0005,0.00011,35,372,60,4.7725,0.005
EAZ,-45.2310534,169.3082534,-0.00151,0.02107,0.00035,0.00016,57,745,23,35.6269,0.1231
EBPS,-41.28942801,174.9002357,0.01007,0.01337,0.0003,0.00019,37,540,7,67.9539,0.1463
ECLS,-37.68883,178.54816,0.21334,0.02046,-0.00056,0.0002,43,622,85,85.6491,0.3122
EKTS,-40.64949542,175.7088284,-0.00342,0.01955,0.00062,0.00015,44,315,6,8.3284,0.0202
EYRS,-43.42138,172.35544,0.04929,0.0046,0.00033,0.0001,94,318,845,0.6311,0
FAHS,-40.21353557,175.5730484,0.05591,0.01594,0.00064,0.00014,40,264,63,1.8101,0
FAIS,-41.2074,174.9401,0.00903,0.00824,0.00047,9.00E-05,218,1000,15,48.2507,0.1213
FDCS,-44.09865703,170.8286999,0.04968,0.01436,8.00E-05,0.0001,50,301,515,3.1235,0
FGPS,-43.46320814,170.0198028,0.0232,0.0088,0.00031,8.00E-05,40,271,73,18.9217,0.0635
FJDS,-43.38913671,170.1842354,0.02448,0.01154,0.00038,9.00E-05,62,270,63,38.0626,0.0945
FKPS,-41.28794769,174.7787641,0.10037,0.00962,0.00047,0.00011,172,323,30,9.554,0.0349
FOZ,-43.53209931,169.8154798,0.04255,0.00752,7.00E-05,6.00E-05,91,1000,0,49.6976,0.1282
FTPS,-41.1187051,175.3274418,0.04318,0.0137,0.00093,0.00012,114,294,88,4.3812,0
FXBS,-40.46136017,175.2260331,0.02658,0.01575,0.00058,0.00012,46,258,283,0.5866,0
GDLC,-43.586183,172.088753,0.0671,0.00761,0.00035,0.00012,43,457,517,1.6604,0
GHHS,-38.64178,178.01772,0.15542,0.04191,-0.00016,0.00028,10,275,108,14.4223,0.0836
GKBS,-38.68217,178.03188,0.1045,0.02992,7.00E-05,0.0002,23,576,0,94.4686,0.2691
GLNS,-44.86441,168.40646,0.02789,0.01019,0.00052,0.00012,45,397,65,34.2035,0.1435
GLOS,-41.857299,173.821803,0.06736,0.01273,0.00013,0.00015,29,622,55,48.984,0.2983
GLWS,-42.59417315,172.5110494,0.03019,0.00631,0.00042,7.00E-05,69,334,83,14.3432,0.0406
GMFS,-42.457849,171.2043,0.08422,0.02878,0.00022,0.00022,56,215,75,2.8909,0
GODS,-43.5784,172.76926,0.04887,0.00361,0.00075,5.00E-05,173,681,3,75.091,0.2244
GOVS,-43.632421,172.635725,0.02256,0.00713,0.0002,6.00E-05,140,479,5,84.7024,0.285
GRZ,-36.2502,175.4578,-0.00824,0.00684,0.00043,5.00E-05,9,677,23,47.0927,0.143
GVZ,-42.967365,173.03475,0.06787,0.00854,0.00027,0.0001,173,714,23,48.639,0.156
GWTS,-38.62567786,177.9215832,0.11975,0.03279,-5.00E-05,0.00032,12,156,180,0.2741,0
HAFS,-43.14891166,170.5560614,0.05343,0.01376,0.0004,0.00011,52,240,73,5.756,0.0165
HALS,-43.59088047,172.569503,0.10496,0.00921,2.00E-05,0.00021,52,182,85,0.8143,0
HAVS,-41.27227,173.78467,0.05998,0.00689,0.0002,7.00E-05,218,675,28,81.2033,0.3319
HAZ,-37.7561,177.7826,0.0341,0.01388,0.00019,0.00013,75,600,25,57.568,0.2197
HCDS,-39.64584629,176.8429064,0.01116,0.03868,0.00162,0.00057,9,196,97,0.7572,0
HDWS,-43.88300614,169.0441479,0.04441,0.00415,0.00018,5.00E-05,64,214,88,1.9766,0
HHSS,-43.5575,172.5928,0.0646,0.00711,0.00094,9.00E-05,119,180,275,0.7391,0
HIBS,-41.1399,175.0359,0.02358,0.01557,0.00099,0.00016,115,500,103,2.111,0
HIZ,-38.51292897,174.8556861,0.01625,0.02298,0.0001,0.0002,23,800,45,53.0906,0.1811
HMCS,-42.716922,170.9639589,0.02675,0.01496,0.00075,0.00012,86,278,68,3.6307,0
HNPS,-39.67101689,176.8801067,0.06431,0.04454,0.00048,0.00058,15,256,302,13.6385,0.021
HOCS,-40.62164383,175.2794232,0.00879,0.02257,0.0009,0.00016,49,250,183,2.9026,0.00000158
HORC,-43.53963553,171.9599076,0.09383,0.00928,-6.00E-05,0.00011,46,531,697,2.285,0
HPSC,-43.50157547,172.7021942,0.04624,0.00687,0.00046,0.00048,77,194,645,0.1176,0
HSES,-42.52324224,172.8304938,0.08632,0.00618,0.00032,6.00E-05,339,280,190,4.1007,0.0175
HSSS,-41.15193505,174.9814773,0.09712,0.01527,0.00077,0.00016,107,526,9,40.6416,0.1497
HUKS,-39.26090321,174.5680897,0.05446,0.01811,0.00036,0.00017,21,270,53,9.9281,0.0345
HUNS,-43.57937,172.65723,0.01608,0.0039,0.0002,4.00E-05,161,680,33,40.2426,0.1748
HVSC,-43.579787,172.709423,0.03885,0.00419,0.00062,5.00E-05,231,348,19,34.1631,0.1124
HWHS,-39.58513919,174.2742448,0.04123,0.02376,0.00076,0.00023,16,210,49,0.7026,0
ICCS,-46.41159422,168.3469231,0.02028,0.04526,0.0008,0.00027,9,255,63,7.4843,0
IFPS,-42.72674365,171.4728354,0.00633,0.01444,0.00089,0.00013,109,284,108,7.8478,0.0185
INGS,-41.85712387,171.9525458,0.01881,0.01962,0.00032,0.00015,121,334,53,12.8808,0.0356
INHS,-39.15622017,174.1905255,0.05148,0.0112,0.00029,0.00012,28,317,138,4.7332,0.018
INSS,-41.23351678,174.9211162,0.02532,0.01074,0.00047,0.00013,57,630,28,59.5199,0.2553
INZ,-42.7245,171.4441,0.02722,0.00961,0.00032,8.00E-05,173,1500,0,14.5176,0.0094
JCZ,-44.07321036,168.7854734,0.01864,0.00584,0.00028,8.00E-05,38,1500,0,90.3855,0.4527
KAFS,-38.0835149,176.7092902,0.04778,0.01288,0.00095,0.00021,23,220,78,1.7623,0
KARS,-41.24942014,172.1164507,0.02846,0.01952,0.00061,0.00012,51,214,113,0.7964,0
KEKS,-41.95569,173.98141,0.06748,0.005,0.00024,8.00E-05,264,622,28,53.5266,0.1978
KFHS,-39.43337107,176.4669625,0.06264,0.01904,0.00033,0.00018,25,760,10,27.5355,0.0987
KHLS,-40.55704,172.61189,0.00994,0.01571,0.00057,9.00E-05,47,622,38,42.407,0.1404
KHZ,-42.41598,173.53897,0.04904,0.00493,7.00E-05,5.00E-05,233,600,35,59.8201,0.1962
KIKS,-42.42581201,173.6821252,0.09525,0.00537,0.00018,8.00E-05,198,800,0,9.2423,0.0349
KILS,-43.52687,172.64058,0.1012,0.00783,0.00091,0.00018,29,201,595,10.5425,0
KIRS,-41.07688392,175.2300107,0.08082,0.01445,0.00047,0.00013,126,329,43,53.4283,0.1506
KLDS,-41.67309195,172.8749583,0.0939,0.0183,0.00064,0.00017,141,323,255,5.3769,0
KNZ,-39.02175522,177.6736688,0.0596,0.02035,-0.0003,0.00026,9,800,0,97.0989,0.3142
KOKS,-42.89168682,171.1356402,-0.00754,0.00907,0.00092,9.00E-05,90,264,133,2.2762,0
KOWC,-43.32146,171.85485,0.03396,0.0078,0.00062,0.00011,104,244,55,3.0199,0.0174
KPOC,-43.3764632,172.6637676,0.12525,0.00651,0.00012,8.00E-05,208,257,1345,0.4389,0
KUZ,-36.74522853,175.7208729,0.01781,0.01698,0.00016,0.00014,24,673,23,32.9829,0.1217
LBZ,-44.38555284,170.1844199,0.03492,0.01048,0.00027,8.00E-05,82,1000,15,52.829,0.1944
LCQC,-43.608578,172.729678,0.07013,0.01236,0.00217,0.00093,21,600,65,16.0152,0.1242
LHBS,-41.19664587,174.892316,0.04705,0.00898,0.00073,9.00E-05,184,626,23,36.3575,0.1696
LHES,-41.21168624,174.903336,0.09523,0.01343,0.00053,0.00014,148,222,175,1.2603,0
LHRS,-41.20473605,174.8931859,0.05178,0.01361,0.00071,0.00014,150,622,0,32.253,0.1566
LHUS,-41.23084665,174.8936358,0.17565,0.0174,-4.00E-05,0.00018,82,212,243,0.5573,0
LINC,-43.62317904,172.4680038,-0.02062,0.00423,0.00093,8.00E-05,107,292,662,0.7409,0
LIRS,-41.23231,174.91929,0.13429,0.01021,0.00026,0.00011,164,400,16,15.5692,0.0516
LNBS,-41.20498,174.9266,0.09019,0.01279,0.0006,0.00013,143,330,131,1.3181,0
LPCC,-43.60785,172.724778,0.03594,0.00557,0.00077,0.00014,125,760,5,39.0324,0.1198
LPDS,-43.6062917,172.7098333,0.03169,0.00875,0.00018,9.00E-05,25,362,15,54.2883,0.147
LPLS,-43.71465288,169.4230937,0.05569,0.01098,0.0001,0.00012,17,275,63,11.4226,0.0511
LPOC,-43.608378,172.714823,0.07751,0.00699,0.00138,0.00056,80,446,25,3.5402,0
LRSC,-43.72939,171.7936344,0.05192,0.01134,0.00033,0.00012,19,500,1125,2.7634,0
LRSS,-41.2294301,174.9042459,0.07931,0.0154,0.0006,0.00017,129,256,200,1.2887,0
LSRC,-42.86952006,172.5432885,0.07033,0.01332,0.00045,0.00017,75,455,68,12.7528,0.018
LTZ,-42.78166716,172.2710354,0.02849,0.00906,0.00055,0.0001,175,1000,15,24.4777,0.0827
MATS,-41.42895,172.7037,0.07636,0.02385,0.00068,0.00019,170,622,55,47.8487,0.1717
MAVS,-41.21085751,175.4614831,0.02023,0.01565,0.00039,0.00014,138,390,268,1.4536,0
MAYC,-43.82306143,171.4217091,0.0278,0.01144,0.00033,0.0001,163,500,645,2.2813,0
MCAS,-41.79993351,172.3280308,0.0379,0.01989,0.00075,0.00017,136,501,208,3.3044,0
MCNS,-43.73645,170.0972,0.0445,0.00715,0.00023,6.00E-05,65,271,43,35.0988,0.1139
MECS,-44.23044589,169.2329383,0.01501,0.00418,0.00016,5.00E-05,65,271,43,19.5515,0.0697
MENS,-43.55849,172.71149,0.0422,0.00979,0.00047,0.0001,127,583,5,45.7425,0.1497
MGCS,-41.50768077,173.9443926,0.11262,0.00542,0.00029,8.00E-05,265,402,95,0.1724,0
MISS,-41.31488841,174.8184345,0.11514,0.01065,0.00047,0.00011,169,274,97,5.3268,0
MKBS,-41.2259,174.6981,0.03929,0.0056,0.00033,6.00E-05,243,1000,0,44.0491,0.2089
MKVS,-41.26542095,174.7055245,0.04227,0.0062,0.00036,7.00E-05,260,480,34,23.0819,0.0894
MLZ,-45.36654353,168.1184068,0.06695,0.02077,0.00013,0.00017,57,1500,0,41.7485,0.2207
MNGS,-39.80778,175.79083,0.03468,0.02494,0.00022,0.00025,36,298,68,13.0703,0.0564
MNZS,-43.637364,172.973808,0.03761,0.00547,0.00015,5.00E-05,123,679,53,85.7745,0.1905
MOLS,-42.08802277,173.2574013,0.06583,0.00609,0.00035,8.00E-05,192,600,5,28.6811,0.0869
MORS,-43.5395,172.6214,0.07151,0.00905,0.00073,0.00012,64,178,475,1.0539,0
MOSS,-45.6678024,168.2378365,0.039,0.02506,0.00032,0.00018,35,265,58,1.5233,0.001692672
MOTS,-41.12468961,173.0095025,0.05751,0.0256,0.00037,0.0002,134,245,373,0.7459,0
MPSS,-43.499375,172.642253,0.07999,0.00831,0.00047,9.00E-05,112,180,695,0.5207,0
MQZ,-43.70608168,172.6537658,0.03003,0.00252,-2.00E-05,3.00E-05,331,750,23,38.7162,0.1726
MRSS,-43.5113069,172.5592161,0.00223,0.01638,0.00103,0.00044,10,241,545,1.1155,0
MRZ,-40.66054537,175.5785268,0.01674,0.01327,-0.0001,0.0001,74,800,0,24.7008,0.0823
MSMC,-43.70458829,171.4022695,0.08463,0.01386,0.0003,0.00011,70,500,245,4.9381,0.000818138
MSZ,-44.67333378,167.9263986,0.01964,0.00269,0.00018,3.00E-05,120,1500,0,56.0281,0.0773
MSZS,-44.67301377,167.9255386,-0.00109,0.01063,0.00026,0.00017,8,600,3,32.4212,0.0606
MTHS,-43.563194,171.666362,0.03621,0.00555,0.00017,5.00E-05,172,399,725,4.6947,0.0175
MTHZ,-38.8523,176.8411,0.0161,0.01852,0.00036,0.00017,34,625,28,63.9312,0.2793
MTPS,-43.584671,172.725601,0.02588,0.00757,0.00073,9.00E-05,75,763,34,43.2668,0.2258
MWDS,-39.40673894,175.7526737,-0.02083,0.01983,0.00021,0.00019,32,679,28,41.3209,0.0837
MWFS,-37.8591406,176.6688805,0.04415,0.00442,0.00038,8.00E-05,33,622,33,42.2255,0.1085
MWZ,-38.3340014,177.5277793,0.08712,0.01958,-8.00E-05,0.00018,62,800,0,68.7503,0.1587
MXZ,-37.56225851,178.3066313,0.03943,0.01823,0.00042,0.00017,76,1000,15,28.1339,0.0872
NAAS,-39.468735,176.872021,0.12192,0.06868,-7.00E-05,0.00093,10,243,179,0.3536,0
NBLC,-43.50685883,172.7313538,0.08134,0.00407,0.00032,9.00E-05,90,189,605,1.9037,0
NBSS,-41.202272,174.953755,0.09306,0.01004,0.0005,0.0001,184,190,47,2.7415,0.0000008
NCBS,-41.27087365,173.2836753,0.17224,0.01603,-7.00E-05,0.00014,142,335,50,3.2437,0
NCDS,-39.500141,176.875961,0.12337,0.03167,0.0003,0.00034,24,176,118,1.6903,0
NCHS,-39.5066335,176.8967575,0.00799,0.03376,0.00153,0.00042,14,230,133,0.5303,0
NELS,-41.28780402,173.2742451,0.16142,0.01331,0,0.00012,191,550,3,20.01,0.0691
NEWS,-41.23204,174.82178,0.02867,0.00738,0.00041,8.00E-05,235,1000,15,36.8958,0.1218
NGHS,-39.48587311,176.9149278,0.04646,0.02922,0.00064,0.00034,16,440,61,14.1077,0.0723
NLMS,-41.26652354,173.2768352,0.13614,0.02203,9.00E-05,0.0002,158,350,20,15.0467,0.0387
NNBS,-43.49542639,172.7179977,0.02721,0.00289,0.00135,8.00E-05,173,204,685,0.4254,0
NNZ,-41.21710266,173.3794768,0.0576,0.01346,0.00021,0.00013,271,1000,15,36.8306,0.1693
NPCS,-39.06242799,174.0733844,0.05476,0.00504,0.00026,5.00E-05,25,495,138,15.2529,0.0524
NSBS,-43.99619795,168.6609453,0.05574,0.00654,0.00022,9.00E-05,63,215,73,5.0889,0.003
NSPS,-39.48959319,176.9158778,0.04248,0.05213,0.00056,0.0007,9,600,54,29.4171,0.058
NWFS,-41.58906573,175.2339587,0.10521,0.03358,0.00032,0.00038,68,600,41,16.8102,0.0853
OAMS,-45.09974458,170.9691362,0.0462,0.04421,0.00024,0.00027,10,215,53,6.7253,0.0171
ODZ,-45.04398211,170.6446222,0.0096,0.01941,0.00017,0.00012,33,697,23,34.9718,0.1582
OHSS,-43.4446,172.6605,0.0725,0.0109,0.00057,0.00012,111,195,755,0.9919,0
OPCS,-38.01413481,177.2892175,0.04288,0.01568,0.00035,0.00016,33,215,75,0.6783,0
OPSS,-39.45002,173.85502,0.03723,0.02476,0.00049,0.00026,25,287,58,2.643,0
OPWS,-43.55619,172.66429,0.03145,0.01102,0.00092,0.00012,119,179,125,2.5167,0
ORCS,-39.41743839,175.4125995,-0.04858,0.01471,0.00071,0.00015,28,317,83,3.5447,0.0028
ORPS,-46.286797,167.76512,0.02353,0.02155,0.00019,0.00013,19,1000,15,13.9159,0.0339
OTKS,-40.75487647,175.1438409,0.00656,0.01761,0.00092,0.00014,89,219,123,1.9712,0
OXZ,-43.3259,172.0383,0.04476,0.00474,-0.00021,7.00E-05,348,1000,15,9.138,0.001331484
PAPS,-40.91431972,175.0049585,0.09484,0.01764,0.00035,0.00016,148,260,78,2.8779,0
PARS,-43.567898,172.750717,0.00313,0.00356,0.00127,5.00E-05,183,750,58,65.5344,0.2984
PEEC,-43.92386,171.233957,0.05571,0.01961,0.00054,0.00017,39,425,55,6.8463,0.0173
PFAS,-41.13849443,174.8460956,0.08803,0.01225,0.00064,0.00013,144,532,0,6.7425,0.0025
PGFS,-40.30219978,176.6117511,0.07044,0.01113,0.00034,0.00016,31,215,58,4.0045,0
PGMS,-41.22450647,174.8794357,0.11056,0.01123,0.00037,0.00012,145,200,274,1.8329,0
PHHS,-41.25209,174.904297,0.04031,0.00785,0.00044,8.00E-05,181,613,23,34.5964,0.1381
PIPS,-41.26748661,174.7860682,0.15333,0.01558,1.00E-05,0.00021,80,210,157,6.0378,0.029
PKGZ,-37.8664,178.0805,0.07096,0.02598,0.00014,0.00024,37,604,55,60.2099,0.2608
PNBS,-40.34894858,175.6075783,0.04762,0.01579,0.00057,0.00015,32,294,63,0.9508,0
PNMS,-40.36286,175.59311,0.05382,0.01766,0.00049,0.00014,49,264,83,0.5453,0
PNRS,-40.33027,175.6337,0.08044,0.02122,0.00046,0.00015,47,294,63,1.5609,0
POKS,-41.12495,174.83151,0.07978,0.00997,0.00046,0.0001,161,302,33,15.1046,0.0513
POLS,-41.13139425,174.8390955,0.12167,0.01354,0.00034,0.00014,154,275,25,5.1515,0.0175
POTS,-41.27221732,174.7746442,0.08086,0.01029,0.00034,0.00011,165,453,24,85.2614,0.278
PPHS,-43.49284604,172.6069162,0.03153,0.00353,0.00109,6.00E-05,245,180,665,1.1984,0
PRKS,-41.24901997,174.9341325,0.02258,0.04416,0.00133,0.00059,48,190,70,2.8556,0.000748614
PRNS,-43.704499,169.472766,0.02265,0.00967,0.00014,8.00E-05,25,217,65,1.8306,0
PRPC,-43.52581308,172.6827711,0.09444,0.0029,0.00029,8.00E-05,118,196,485,0.8336,0
PTOS,-41.222973,174.860302,0.05919,0.01135,0.00072,0.00012,229,450,23,62.8934,0.1563
PUZ,-38.07154787,178.257209,0.05522,0.02522,-4.00E-05,0.00021,58,1000,0,23.3936,0.1076
PVCS,-41.22474608,174.8739174,0.11697,0.01335,0.0004,0.00015,140,190,296,3.0509,0.0175
PWES,-41.12746,174.82586,0.04595,0.00805,0.0004,8.00E-05,246,622,25,41.8488,0.1431
PWZ,-40.02968444,176.8619952,0.04278,0.02072,0.00019,0.00027,17,1000,15,24.5703,0.0774
PXZ,-40.03064446,176.8621452,0.05682,0.01422,0.0006,0.00019,25,1000,15,38.2028,0.107
PYZ,-46.16625168,166.6806925,0.04916,0.00497,0.00024,5.00E-05,83,1000,15,75.1113,0.3083
QCCS,-41.27962569,174.0231446,0.03413,0.00808,0.00072,0.0001,240,268,55,9.9051,0.0434
QRZ,-40.82552162,172.5291478,-0.02166,0.01232,0.00047,8.00E-05,66,1000,15,45.6208,0.1476
QTPS,-45.03215591,168.6628861,0.03583,0.02177,0.00037,0.00021,60,270,78,15.5786,0.0456
RCBS,-43.557934,172.73265,0.03299,0.00847,0.00048,0.00014,15,433,8,33.1778,0.0979
RCS1,-41.53971,173.62927,0.07047,0.0103,-9.00E-05,0.00018,37,324,100,25.0634,0.0681
RDCS,-42.1196999,171.8643834,0.01171,0.01987,0.00096,0.00017,98,300,43,2.5831,0
REHS,-43.52194686,172.6351465,0.05707,0.003,0.00075,5.00E-05,255,155,645,3.1571,0
RHBS,-43.571407,172.75693,0.05672,0.0098,0.00015,0.00014,18,900,9,73.5705,0.1939
RHSC,-43.536172,172.564404,0.08083,0.00383,0.00039,9.00E-05,125,286,445,0.3484,0
RKAC,-43.75146119,172.0231473,0.03048,0.01677,0.00069,0.00019,33,452,778,0.584,0
ROLC,-43.59281802,172.3810928,0.0712,0.00928,0.00036,0.0001,102,447,757,0.9658,0
ROTS,-38.135724,176.255191,0.09356,0.02593,0,0.00054,9,264,95,1.456,0
RPZ,-43.71460758,171.0538649,0.01533,0.00677,0.0001,5.00E-05,73,1000,15,54.4522,0.1514
RRKS,-46.14743373,167.4725232,0.04514,0.01592,0.00012,0.00012,36,278,73,7.8289,0.0523
RTZ,-38.61544,176.980518,0.05629,0.02772,0.00038,0.00023,30,1000,15,76.4271,0.371
SACS,-43.50674,172.61619,0.10476,0.01026,0.00035,0.00012,80,185,645,1.0197,0
SBRC,-43.8087033,172.25238,0.0609,0.01819,0.00054,0.00015,65,200,425,0.9704,0
SCAC,-42.93857277,172.921623,0.05927,0.0079,0.00029,0.0001,111,275,73,12.2753,0.0568
SCTS,-45.265788,166.951482,0.04372,0.00883,0.00019,0.0001,11,1500,5,112.8293,0.537
SDNS,-41.66382069,174.1372917,0.06134,0.01258,0.00059,0.00016,81,292,685,29.2175,0.0909
SEAS,-41.326447,174.837638,0.02052,0.01139,0.00099,0.00014,223,305,53,11.4059,0.0349
SEDS,-41.67229,174.07645,0.05071,0.00469,0.00049,7.00E-05,231,273,50,12.323,0.0297
SEVS,-41.246984,174.902163,0.06664,0.01234,0.00051,0.00014,90,209,246,3.5887,0
SHFC,-43.39115189,172.0257592,0.02985,0.00592,0.00065,9.00E-05,88,500,65,2.9565,0
SHLC,-43.50533676,172.6633911,0.06878,0.00396,0.0005,9.00E-05,117,201,675,0.5912,0
SJFS,-42.33457593,172.1802864,0.07213,0.01436,0.00019,0.00014,180,294,48,11.4117,0.0164
SLRC,-43.67513,172.31752,0.06741,0.00293,0.0003,7.00E-05,141,327,590,1.7511,0
SM1F,-42.0605,173.41415,0.0523,0.0531,0.00058,0.0007,10,1000,15,58.8071,0.2484
SMHS,-43.26216,172.3363,0.06306,0.00964,0.00044,0.0001,157,500,675,1.2506,0
SMTC,-43.4675293,172.6138611,0.06325,0.01196,0.00082,0.00015,78,219,695,1.5272,0
SOCS,-41.2043261,174.9159362,0.10941,0.01215,0.00032,0.00012,161,233,151,3.0894,0
SOMS,-41.25746,174.865,0.03529,0.0058,0.00014,6.00E-05,232,1000,15,43.2266,0.1296
SPFS,-43.33797027,171.9289382,0.06513,0.01108,0.00055,0.00027,58,500,35,5.7473,0.018
SPRS,-43.3368,171.93008,0.05739,0.00711,0.00016,7.00E-05,196,500,35,3.8826,0.0147
STAS,-43.51361,172.64112,0.08465,0.01206,0.00056,0.00014,104,180,685,0.3047,0
STKS,-43.606541,172.644913,0.00935,0.0055,0.00079,7.00E-05,149,1000,15,59.3569,0.335
SUMS,-43.56921,172.75681,0.06242,0.00943,0.00053,0.0001,126,604,21,28.2476,0.1551
SWNC,-43.36943258,172.4953554,0.02644,0.00327,0.0012,6.00E-05,248,546,287,1.0776,0
TAFS,-45.41667367,167.7191112,0.01126,0.01891,0.00071,0.00016,53,298,200,4.2356,0
TAIS,-41.18038403,174.9547719,0.03643,0.01032,0.00043,0.0001,178,510,42,1.5838,0.0175
TBAS,-38.3728037,178.3007786,0.05454,0.02687,0.00049,0.00022,26,215,118,3.0839,0.0068
TBCS,-37.70269658,176.1566748,0.05677,0.02226,0.00077,0.00028,14,209,141,2.7814,0
TCW,-41.21036472,174.2763281,0.06789,0.00647,0,8.00E-05,253,1000,15,92.5601,0.3324
TDHS,-37.63331992,178.3653717,0.18332,0.02089,-0.00035,0.00021,65,214,68,6.4854,0.0174
TENS,-42.21496,172.79019,-0.02641,0.0346,0.00115,0.00036,11,800,45,57.4842,0.26
TEPS,-41.29058776,174.7810642,0.10029,0.00958,0.00043,0.0001,176,292,103,5.2255,0.0175
TFSS,-41.27542742,174.7830542,0.10442,0.00905,0.00049,0.00011,192,271,157,6.7528,0.0175
THHS,-39.67995471,175.7955932,0.01249,0.02976,0.00097,0.00028,32,466,58,27.2758,0.0874
THOB,-40.78940244,175.0929713,0.06455,0.02167,0.00074,0.00018,119,258,55,4.329,0
THZ,-41.76247413,172.9052183,0.02932,0.01216,0.0008,0.00012,208,800,28,68.3409,0.2591
TIRS,-38.46891053,175.9097091,0.03692,0.02045,0.00033,0.00021,18,600,33,6.7603,0.0361
TKAS,-44.013314,170.460576,0.06065,0.03333,0.00011,0.00026,12,308,60,55.6182,0.1301
TKHS,-38.33280618,175.1555504,0.14033,0.06499,-0.00013,0.00062,14,279,48,14.1233,0.0294
TMBS,-46.07183991,170.1957102,0.02422,0.04474,0.0003,0.00027,8,295,40,6.4535,0.0174
TMDS,-41.07808378,175.1554398,0.09164,0.01418,0.00049,0.00013,81,800,10,51.1195,0.1788
TOKS,-43.82243,172.78084,0.05158,0.01153,0.00029,0.0001,85,674,3,58.4576,0.3195
TOTS,-41.10492,175.08539,0.00929,0.02257,0.00066,0.00022,84,500,22,7.9235,0.0053
TOZ,-37.73095563,175.5018468,0.01983,0.02816,0.00056,0.00021,20,800,0,23.4693,0.0876
TPLC,-43.54999716,172.4719542,0.04375,0.00564,1.00E-05,9.00E-05,119,398,787,1.4597,0
TPPS,-38.68632513,176.0674702,0.07317,0.01033,0.00025,0.00011,21,454,43,7.6966,0.033
TRCS,-44.40281631,171.2444437,0.01728,0.10861,0.00058,0.0009,11,498,25,2.8098,0
TRMS,-40.671276,175.990997,0.05733,0.01208,0.00046,9.00E-05,40,622,29,22.6802,0.0819
TRTS,-41.2987,174.7739,0.05819,0.01053,0.00065,0.00013,219,270,29,16.2349,0.0509
TSFS,-40.84942291,172.8211014,0.05049,0.02335,0.00048,0.00015,76,380,23,18.4396,0.0187
TSZ,-40.0585531,175.9611239,0.0101,0.01033,0.00042,0.00011,41,800,0,68.2045,0.2744
TTHS,-38.98629053,175.8150361,0.08521,0.00917,0.00054,0.0001,18,263,83,1.6018,0.000008506
TUHS,-38.8641168,175.2483096,0.08485,0.02425,0.0001,0.00025,26,590,33,9.1492,0.0246
TUWZ,-41.42938895,173.9428929,0.08372,0.02343,0.00011,0.00025,43,1000,15,38.8835,0.1838
TUZ,-45.95397485,169.6311433,-0.01762,0.00898,0.0003,5.00E-05,17,745,33,33.9344,0.0863
TWAS,-44.25458909,170.0983395,0.0297,0.00752,0.00024,6.00E-05,57,247,178,1.5746,0
UHCS,-41.12681462,175.0409381,0.08719,0.01566,0.00015,0.00015,145,390,136,1.6703,0
UHSS,-41.12638,175.06509,0.0634,0.01471,0.00046,0.00015,156,481,104,0.9203,0.0000544
URZ,-38.25924909,177.1108945,0.03559,0.01641,0,0.00015,36,800,0,19.6663,0.0772
VRZ,-39.12434088,174.7584526,0.06418,0.00802,0.00012,8.00E-05,25,673,33,37.8877,0.1986
VUWS,-41.279854,174.778399,0.12219,0.00788,0.00034,9.00E-05,244,286,70,6.5836,0.0199
WAIS,-38.63246,176.0937,0.02324,0.01711,0.00047,0.00029,13,674,28,36.8796,0.0842
WAKC,-42.96310283,172.7052401,0.04627,0.00508,0.00044,6.00E-05,329,300,73,3.9085,0.001305982
WAKS,-39.77272767,176.2516786,0.05692,0.01805,9.00E-05,0.00019,22,418,36,18.9371,0.0563
WANS,-41.23121,174.93102,0.08462,0.01933,0.00038,0.00022,96,1000,15,54.6532,0.2226
WAZ,-39.75464442,174.9855329,0.01355,0.00536,0.00031,5.00E-05,47,690,41,23.2998,0.1237
WBCS,-41.75566052,171.5998118,-0.03466,0.02028,0.00091,0.00015,54,215,85,0.6685,0
WBFS,-40.40088128,176.311147,0.01724,0.02002,0.00051,0.00028,21,800,24,12.4987,0.0462
WCDS,-39.93363836,175.047993,-0.0279,0.01571,0.00089,0.00016,40,250,88,4.8252,0
WCFS,-41.29315,174.7847889,0.08404,0.03027,0.00055,0.00032,23,349,7,7.334,0.0201
WCSS,-43.45775,171.86346,0.01316,0.00843,0.00083,8.00E-05,167,300,48,3.1133,0.0168
WDAS,-41.25739739,174.9484664,0.04966,0.01543,0.00066,0.00016,145,120,62,1.5883,0
WDFS,-41.82739874,174.1384237,0.06788,0.00367,0.0004,6.00E-05,302,269,60,9.8091,0.0179
WDPS,-40.33821894,175.8698017,0.04306,0.01943,0.00025,0.00018,34,290,83,4.8218,0.0039
WEL,-41.28404758,174.768184,0.06789,0.00575,5.00E-05,7.00E-05,217,687,0,29.6888,0.1334
WEMS,-41.27428738,174.7792642,0.11558,0.00957,0.00026,0.00011,204,265,128,7.0232,0.017
WFSS,-39.03424496,177.4249057,0.07241,0.03239,0.00043,0.00033,13,155,98,1.1369,0
WHAS,-43.315994,170.32675,0.0429,0.00916,0.00015,7.00E-05,44,271,48,40.8798,0.1802
WHFS,-43.261164,170.359029,0.03742,0.01174,0.00028,9.00E-05,59,235,63,3.9593,0
WHSZ,-43.29065,170.40645,-0.01072,0.00722,0.00036,6.00E-05,23,316,35,22.8644,0.0614
WHZ,-45.8924279,167.9470312,-0.00248,0.01516,0.00025,0.00011,37,734,28,53.6547,0.139
WIGC,-42.70118655,172.8003026,0.05851,0.00828,0.00049,0.00012,100,478,69,6.1388,0.0184
WKHS,-37.96145319,176.985474,0.05902,0.00891,0.00021,0.00012,38,206,88,2.8038,0
WKZ,-44.82702135,169.017562,0.03822,0.00816,0.00021,8.00E-05,88,1000,15,50.2259,0.2044
WMGZ,-37.8191,178.4149,0.0785,0.0383,0.00049,0.00037,42,625,65,59.828,0.2328
WNAS,-41.32640865,174.8090344,0.10897,0.01004,0.0005,0.00011,160,229,66,1.9693,0.0096
WNHS,-41.30077798,174.775514,0.01329,0.0082,0.00065,0.00011,68,493,50,12.4547,0.0489
WNKS,-41.28481753,174.7420537,0.093,0.00763,0.00044,9.00E-05,221,369,39,10.9554,0.0167
WNPS,-44.69458812,169.1429644,0.01645,0.00822,0.00042,8.00E-05,56,330,253,12.7184,0.0287
WPWS,-39.94386202,176.5843221,0.06778,0.01446,0.00033,0.00017,37,298,48,6.6986,0
WRAS,-41.59547737,173.586376,0.07426,0.02024,0.00019,0.00022,33,622,35,54.0816,0.2619
WRCS,-40.95035201,175.6478165,0.03953,0.02007,0.00066,0.00015,62,500,88,2.5671,0
WSFC,-43.83733232,171.6110115,0.01328,0.01916,0.00095,0.00022,27,500,975,3.2111,0
WTES,-41.281576,174.774191,0.10136,0.02234,0.00049,0.00021,28,334,7,36.7479,0.1047
WTMC,-42.61945518,173.0535962,0.05315,0.0058,6.00E-05,8.00E-05,90,504,87,6.9742,0.0175
WTYS,-41.29543,174.78126,0.11956,0.01662,0.00042,0.00016,43,230,49,3.1758,0.0175
WVAS,-43.07155022,170.7371542,0.00466,0.00756,0.00044,6.00E-05,99,270,58,5.8447,0.0175
WVFS,-41.62023192,173.3509046,0.11878,0.01349,0.00025,0.00016,213,294,153,3.5706,0
WVZ,-43.07435029,170.7367542,0.02314,0.00693,0.00015,6.00E-05,86,1000,15,6.8885,0.0175
